E1,E2,E3,ID,Text,Überschrift Level
1,0,0,1-0-0,Aufgaben und Funktion von Gruppenleitenden ,1
1,1,0,1-1-0,Rolle als Teamer*in ,2
1,1,1,1-1-1,Die Teilnehmer*innen werden sich über ihre Motivation zur Teilnahme am Kurs bewusst werden. ,3
1,1,2,1-1-2,Ihre Erwartungen und Befürchtungen kommen zur Sprache und werden mit dem geplanten Kursprogramm abgestimmt.,3
1,1,3,1-1-3,Auf dem vorhandenen Erfahrungshorizont der Teilnehmer*innen ist eine Übersicht der Tätigkeiten und Aufgaben von Gruppenleiter*innen hilfreich. ,3
1,2,0,1-2-0,Von Teilnehmer*innen zu Teamer*innen,2
1,2,1,1-2-1,"Teilnehmer*innen einer Juleica-Ausbildung entwickeln neben dem Erwerb von Kenntnissen und Methoden eine Haltung als Gruppenleitung. Die Entwicklung von Teilnehmer*innen zu Gruppenleiter*innen ist ein Prozess, der durch die Ausbildung angeschoben wird.",3
1,3,0,1-3-0,Teamarbeit,2
1,3,1,1-3-1,"Die Teilnehmer*innen erleben sich bewusst in Situationen, in denen sie nicht als Einzelperson Entscheidungen treffen, sondern ihr Handeln in einer Gruppe abgestimmt werden muss. ",3
1,3,2,1-3-2,"Die Vorteile und Chancen von Gruppenarbeit gegenüber Einzelarbeit werden bewusst gemacht, 
wobei nicht der Eindruck vermittelt werden soll, dass Schwarmintelligenz mehr wert ist als 
eigene Überzeugungen. ",3
2,0,0,2-0-0,Psychologische und pädagogische Grundlagen ,1
2,1,0,2-1-0,Rituale/Struktur und Sicherheit vermitteln ,2
2,1,1,2-1-1,"Die Teilnehmer*innen erkennen, dass Rituale in Gruppen Sicherheit und Struktur geben.",3
2,1,2,2-1-2,Die Teilnehmer*innen lernen mögliche Rituale für den pädagogischen Gruppenalltag kennen. ,3
2,2,0,2-2-0,Umgang mit herausfordernden Kinder und Jugendlichen ,2
2,2,1,2-2-1,Die Teilnehmer*innen werden für Herausforderungen in der pädagogischen Praxis sensibilisiert. ,3
2,2,2,2-2-2,Es werden Handlungsalternativen entwickelt. ,3
2,2,3,2-2-3,"Die Teilnehmer*innen nehmen ihre eigenen Grenzen und die Grenzen der anderen wahr und
machen sich diese bewusst. ",3
2,2,4,2-2-4,Es werden Integrationsstrategien entwickelt und aufgezeigt. ,3
2,3,0,2-3-0,Sozialisation und Entwicklungspsychologie,2
2,3,1,2-3-1,"Die Teilnehmer*innen erkennen, dass sich die Entwicklung eines Menschen in verschiedenen Phasen vollzieht. Als Gruppenleitung muss man mit den Merkmalen der Altersstufen der Zielgruppen vertraut sein, um angemessen auf das Programm und die Bedürfnisse der Gruppe, der Einzelnen reagieren zu können.",3
2,3,2,2-3-2,"Die Teilnehmer*innen erkennen, z.B. ausgehend von ihrer eigenen Biografie, was die Entwicklung eines Menschen fördert und was sie hemmt. ",3
2,3,3,2-3-3,"Die Teilnehmer*innen nehmen wahr, dass Verhaltensweisen und Handlungsmuster durch Sozialisation beeinflusst sind.",3
2,4,0,2-4-0,Konflikte,2
2,4,1,2-4-1,Die Teilnehmer*innen bekommen ein Gespür für unterschiedliche Standpunkte in Konflikten. ,3
2,4,2,2-4-2,"Die Teilnehmer*innen lernen unterschiedliche Grundregeln für das Bearbeiten von Konflikten kennen; sie entwickeln eine grundlegende Offenheit und Sicherheit dafür, dass Konflikte auftreten können und dass es zahlreiche Hilfestellungen gibt, diese zu bearbeiten. ",3
2,5,0,2-5-0,Feedback ,2
2,5,1,2-5-1,Die Jugendlichen lernen die Grundlagen von Feedback sowie verschiedene Feedbackmethoden als Hilfestellung in ihrem Agieren als Gruppenleitung kennen.,3
2,5,2,2-5-2,"In praktischen Übungen (z.B. Tagesfeedback, Einzelfeedback) trainieren die Teilnehmer*innen die Form des Feedback-Gebens und des Feedback-Nehmens. So werden auch die einzelnen Einheiten, Aktionen und Übungen sowie der gesamte Kurs ausgewertet und reflektiert.",3
2,6,0,2-6-0,Spielpädagogik,2
2,6,1,2-6-1,"Die Teilnehmer*innen werden in die Lage versetzt, Gruppenspiele in der Praxis unter Berücksichtigung von Zielgruppe, Ort, Risiken etc. als Medium einzusetzen. ",3
2,6,2,2-6-2,"Darüber hinaus werden die wichtigen Aspekte zur Anleitung von Regeln beschrieben und
anhand von selbstgewählten Gruppenspielen praktisch eingeübt. ",3
2,6,3,2-6-3,"Die Teilnehmer*innen entwickeln ein Gespür dafür, wie sie in Spielsituationen den Überblick in Hinsicht auf Fairplay, Spieldauer, Umgebung etc. behalten und die eigene Rolle als Spielleitung vs. Mitspieler-in einzuschätzen lernen. ",3
2,7,0,2-7-0,Gruppenphasen ,2
2,7,1,2-7-1,Die Teilnehmer*innen erfassen die Funktion und die Bedeutung von Gruppen in der Jugendarbeit. ,3
2,7,2,2-7-2,"Ausgehend von eigenen Gruppenerfahrungen wird aufgezeigt, dass innerhalb von Gruppen verschiedene Phasen ablaufen, die der Gruppenleitung bewusst sein sollten.",3
2,7,3,2-7-3,"Die Phasen einer Gruppe werden definiert und anhand von Aktionsbeispielen zeigen die Teilnehmer*innen, welches Programm in welcher Phase förderlich für die Gruppe ist. ",3
2,8,0,2-8-0,Leitungsstile ,2
2,8,1,2-8-1,"Die Teilnehmer*innen verstehen, dass Führung und Leitung vor allem heißt, anderen zu helfen, 
sich selbst zu verwirklichen und nicht, sich selbst als Leitung in den Mittelpunkt zu stellen.",3
2,8,2,2-8-2,"Die Teilnehmer*innen nehmen die unterschiedlichen Leitungsstile wahr und dass diese bewusst 
oder unbewusst unterschiedliche Zielsetzungen in Gruppenprozessen zur Folge haben. ",3
2,9,0,2-9-0,Rollen in Gruppen,2
2,9,1,2-9-1,"Die Teilnehmer*innen reflektieren ihre eigene Rolle in der Gruppe sowie das Rollenverhalten der 
anderen Teilnehmer*innen. ",3
2,9,2,2-9-2,"Sie erkennen, dass einzelne Gruppenmitglieder bestimmte Rollen innerhalb der Gruppe 
einnehmen, die sich aber auch je nach Gruppe und Situation immer wieder ändern kann. ",3
2,9,3,2-9-3,"Die Teilnehmer*innen machen sich bewusst, wie einzelne Rollen das Gruppengeschehen 
beeinflussen können. ",3
2,10,0,2-10-0,Selbst- und Fremdwahrnehmung ,2
2,10,1,2-10-1,"Die Teilnehmer*innen werden sensibel für die bewusste und unbewusste Wahrnehmung der 
eigenen und der anderen Persönlichkeiten in einer Gruppe, um Menschen besser verstehen und 
einschätzen zu können.",3
2,10,2,2-10-2,"Zum anderen können Modelle zur Selbst- und Fremdwahrnehmung hilfreich sein, wenn es
darum geht, gelingende Kommunikationsprozesse zu ermöglichen.",3
2,10,3,2-10-3,"Zudem wird die Sprachfähigkeit über die eigene Person, persönliche Gefühle und eigenes Befinden gefördert, um den gemeinsamen Handlungsspielraum transparenter und weiter gestalten zu können.",3
2,11,0,2-11-0,Erlebnispädagogik ,2
2,11,1,2-11-1,Erlebnispädagogik bietet ideale Möglichkeiten für individuelles Lernen und Lernprozesse in Gruppen. Darüber hinaus sind erlebnispädagogische Angebote ein attraktives Programm in der Kinder- und Jugendarbeit. ,0
2,11,2,2-11-2,"Die Teilnehmer*innen erleben erlebnispädagogische und gruppenpädagogische Übungen
kennen.",3
3,0,0,3-0-0,"Recht, Organisation und Jugendschutz ",1
3,1,0,3-1-0,Rechtsfragen & Jugendschutz,2
3,1,1,3-1-1,"Die Teilnehmer*innen kennen die gängigen Rechtsvorschriften in den Belangen der Kinder- und Jugendarbeit (z.B. Aufsichtspflicht, Jugendschutzgesetz etc.). ",3
3,1,2,3-1-2,"Die Teilnehmer*innen entwickeln ein Gespür dafür, wann unter Umständen Rechtsverstöße in
zivil- und strafrechtlichen Belangen drohen bzw. vorliegen und wofür sie haftbar gemacht 
werden können.",3
3,1,3,3-1-3,"Die Teilnehmer*innen verstehen, dass ihre Ehrenamtlichkeit Rechte und Pflichten mit sich 
bringt, die es einzuhalten gilt. ",3
3,2,0,3-2-0,Kindesschutz,2
3,2,1,3-2-1,"Die Teilnehmer*innen werden sensibilisiert, um zu erkennen, wenn das Wohl eines anvertrauten Kindes gefährdet wird. ",3
3,2,2,3-2-2,"Die Teilnehmer*innen werden für das Thema Kindesschutz innerhalb und außerhalb eines Angebotes der Ev. Jugend sensibilisiert. Sie kennen mögliche Handlungsschritte im Umgang mit Missbrauch und Vernachlässigung und sind darüber informiert, an wen sie sich wenden können,
um Hilfe für Kinder bei familiären Problemen einholen zu können. ",3
3,2,3,3-2-3,"Die Jugendlichen sind über Prävention vor sexuellem Missbrauch und Vernachlässigung 
informiert und kennen die Regelung (u.a. Selbstverpflichtung/Teamverträge) zum Kindesschutz 
innerhalb der Ev. Jugend und stimmen diesen zu. ",3
4,0,0,4-0-0,"Ziele, Methoden, Aufgaben von Jugendarbeit",1
4,1,0,4-1-0,Rhetorik/Auftreten vor Gruppen,2
4,1,1,4-1-1,"Die Teilnehmer*innen bekommen ein Gefühl dafür, wie ihr Auftreten vor der Gruppe wirkt. 
- Sie bekommen Sicherheit in der Moderation von Gruppen bekommen.",3
4,1,2,4-1-2,Sie üben sich in der Anleitung von Aufgaben und Spielen in der Gruppe.,3
4,2,0,4-2-0,Planung von Aktionen/Programmgestaltung ,2
4,2,1,4-2-1,"Die Teilnehmer*innen erhalten einen Einblick in die erfolgreiche Projektplanung und welche Schritte dabei zu beachten (z.B. Timeline, Budget, Öffentlichkeitsarbeit, Materialmanagement, Kooperationen etc.) ",3
4,3,0,4-3-0,"Selbstversorgung, Hygiene & Co. ",2
4,3,1,4-3-1,"Je nach Konzept des eigenen Kurses können die Teilnehmer*innen am praktischen Beispiel 
lernen, was bei der Selbstversorgung in Gruppenhäusern zu beachten ist. ",3
4,3,2,4-3-2,"Die Teilnehmer*innen könnten so, nach Einführung und Tipps (z.B. auch als Handout), 
möglichst selbständig den Tisch (ab)decken und abwaschen, sowie die Toiletten/Duschen 
reinigen (als Teamarbeit beobachten und reflektieren). ",3
4,3,3,4-3-3,"Hygienevorschriften, Einkaufsrichtlinien der Propsteien und Empfehlungen der Ev. Jugend zum Thema ‚Nachhaltiges Handeln‘ können dabei auch weitergegeben werden. ",3
5,0,0,5-0-0,Aktuelle Themen,1
5,1,0,5-1-0,Geschlechtlichkeit und sexuelle Orientierung in der Ev. Jugend ,2
5,1,1,5-1-1,"Die Teilnehmer*innen werden sich über ihre Geschlechtlichkeit als m/w/d Person bewusst, wenn 
sie als Gruppenleitung agieren. ",3
5,1,2,5-1-2,"Sie entwickeln einen Blick dafür, wie Angebotsstrukturen zu entwickeln sind und welchen Rollenbildern (gesellschaftlich, sozial) damit entsprochen wird. ",3
5,1,3,5-1-3,"Die Teilnehmer*innen nehmen bewusst wahr, dass gesellschaftliche Zuschreibungen 
diskriminierend sind, jedoch permanent durch Medien, Haltungen, Äußerungen etc. bewusst
oder unbewusst geschürt werden.",3
5,2,0,5-2-0,Diversität,2
5,2,1,5-2-1,"Auseinandersetzung mit Vorurteilen, Stereotypen und Kategorisierungen, um sensibel für die Heterogenität innerhalb vermeintlich homogener Gruppen zu werden.",3
5,2,2,5-2-2,"Die Teilnehmer*innen erkennen und reflektieren, dass alltägliche Regeln/Verhaltensweisen 
erlernt sind und oftmals dazu geneigt wird, sie zu verallgemeinern.",3
5,2,3,5-2-3,"Die Teilnehmer*innen diskutieren offen ihre Meinung zu gesellschaftlichen Themen/Klischees, 
ohne dabei selbst abgestempelt zu werden, sondern ggf. ihre Meinung aufgrund von Fakten 
revidieren. ",3
5,3,0,5-3-0,Globale Verantwortung ,2
5,3,1,5-3-1,"Die Teilnehmer*inenn werden darauf aufmerksam gemacht, dass in der Jugendarbeit ein 
klimafreundliches und ressourcensparendes Handeln sowohl in der Planung von Maßnahmen 
als auch in der Verwendung von Materialien und Lebensmitteln selbstverständlich ist. ",3
5,3,2,5-3-2,Zudem wird eine eigene Haltung und Sprachfähigkeit in dieser schier unerschöpflichen Thematik entwickelt werden. ,3
5,4,0,5-4-0,Medienkompetenz/Digitalisierung,2
5,4,1,5-4-1,"Die Teilnehmer*innen verstehen sich als Akteur*innen im Umgang mit digitalen Medien, deren Nutzung ein hohes Maß an Kompetenz und Verantwortung voraussetzt. ",3
5,4,2,5-4-2,"Neben der rechtlichen verstehen die Teilnehmer*innen auch die ethische Dimension ihrer Mediennutzung in sozialen Netzwerken ( z.B. Umgang mit Persönlichkeitsrechten, Cybermobbing etc.). ",3
5,4,3,5-4-3,Der Einfluss von Smartphones und die Verschmelzung von virtuellem und realem Leben wird in Bezug auf die Arbeit als Gruppenleitung kritisch reflektiert. ,3
5,5,0,5-5-0,Inklusion ,2
5,5,1,5-5-1,"Die Teilnehmer*inenn entwickeln eine persönliche Haltung zu Inklusion: Wie inklusiv verhalte ich 
mich? Wie inklusiv ist z.B. meine Sprache? Wie inklusiv sind unsere Angebote? Wen grenzen 
wir mit bestimmten Aktionen auf verschiedensten Ebenen aus? ",3
6,0,0,6-0-0,Trägerspezifische Themen,1
6,1,0,6-1-0,Strukturen/Beteiligung,2
6,1,1,6-1-1,"Die Teilnehmer*innen werden über die verbandlichen Strukturen der Ev. Jugend informiert. Sie
werden über die Möglichkeit zur Mitarbeit in kirchlichen Gremien aufgeklärt und zur Partizipation
motiviert. ",3
6,1,2,6-1-2,"Die Teilnehmer*innen bekommen eine Idee davon, wofür Mitbestimmung in der Jugendarbeit 
notwendig und sinnvoll ist. ",3
6,2,0,6-2-0,"Auseinandersetzung mit Glaubensstandpunkten und Durchführung von spezifischen 
Programmpunkten",2
6,2,1,6-2-1,"Die Teilnehmer*innen setzen sich mit ihrem eigenen Glauben (auch mit Fragen und Zweifeln) 
auseinander.. ",3
6,2,2,6-2-2,"Dabei ist nicht wichtig, was sie glauben, sondern dass sie in die Lage versetzt werden, über 
ihren eigenen Glauben bzw. die eigenen Zweifel sprachfähig zu werden.",3
6,2,3,6-2-3,"Die Jugendlichen erkennen, dass bei der ehrenamtlichen Arbeit in der Ev. Kirche die Beschäftigung mit dem Glauben eine wichtige Rolle spielt.",3
6,2,4,6-2-4,"Die Teilnehmer*innen lernen, ihre eigenen Lebens- und Glaubensfragen in einer ritualisierten Form, z.B. Andacht, einzubringen und zu entfalten. ",3
6,2,5,6-2-5,"Die Teilnehmer*innen erarbeiten selbständig ein Thema für eine eigene Andacht und 
präsentieren diese der Gesamtgruppe.",3
7,0,0,7-0-0,Organisatorisches rund um die JuLeiCa-Ausbildung ,1
7,0,1,7-0-1,"Die Teilnehmer*innen lernen die Kursabläufe, die organisatorischen und rechtlichen Regelungen
während des Kurses kennen. ",3
7,0,2,7-0-2,"Die Gruppe erfährt, welche Aufgaben gemeinsam erledigt werden müssen (z.B. Essen 
zubereiten, Andachten, Reflexionen etc.). ",0
7,0,3,7-0-3,"Die Teilnehmer*innen werden mit dem Online-Antragsverfahrungen zur Juleica vertraut gemacht 
werden, damit sie zu gegebener Zeit selbständig ihren Antrag stellen können. ",3
7,0,4,7-0-4,"Die Teilnehmer*innen werden darüber informiert sein, dass ihre Juleica nach drei Jahren abläuft 
und welche Voraussetzungen zu einer Neubeantragung/Verlängerung notwendig sind. ",3
7,0,5,7-0-5,"Die Teilnehmer*innen erhalten alle notwendigen Materialien (Juleica-Handbuch, Handouts, Arbeitshefte und Reader), um ggf. ihr Wissen zu vertiefen bzw. nachlesen zu können, wenn sie
sich für ihre ehrenamtliche Praxis vorbereiten. ",3
7,0,6,7-0-6,"Abschließend erhalten alle Teilnehmer*innen eine Teilnahmebescheinigung, die u.a. für Bewerbungen etc. genutzt werden kann. Sollte es Zweifel an der erfolgreichen Teilnahme am Juleica-Kurs geben, wird den Teilnehmer*innen unter Nennung der Gründe Fortbildungen 
empfohlen, um die entsprechenden Inhalte nachzuarbeiten und die Auflagen für eine Juleica zu
erfüllen.",3